{
    "ActionSound": "",
    "AutoUnlock": true,
    "Cards": [
        "{\n    \"UnitsInDeck\": 3,\n    \"Card\": \"bloodrain\"\n}",
        "{\n    \"UnitsInDeck\": 3,\n    \"Card\": \"recklesscharge\"\n}",
        "{\n    \"UnitsInDeck\": 3,\n    \"Card\": \"bloodforblood\"\n}",
        "{\n    \"UnitsInDeck\": 2,\n    \"Card\": \"invigoratingblow\"\n}",
        "{\n    \"UnitsInDeck\": 2,\n    \"Card\": \"barbarianrampart\"\n}",
        "{\n    \"UnitsInDeck\": 1,\n    \"Card\": \"demolishingblow\"\n}",
        "{\n    \"UnitsInDeck\": 1,\n    \"Card\": \"barbarianchainsaw\"\n}"
    ],
    "ChallengePack0": "axman",
    "ChallengePack1": "gladiator",
    "ChallengePack2": "warlord",
    "ChallengePack3": "destroyer",
    "ChallengePack4": "commander",
    "ChallengePack5": "marauder",
    "ChallengePack6": "avenger",
    "CharacterDescription": "Gork see? Gork smash. Gork hear? Gork smash. Gork smell? Gork smash. Gork angry? Gork smash! Gork Bleed? Gork SMASH!",
    "CharacterDescriptionStrength": "A Barbarous Green-skinned Warrior who excels at applying Bleed to himself and others, as well as gaining a lot of Health",
    "CharacterName": "Gork",
    "Energy": 1,
    "EnergyTurn": 3,
    "Female": false,
    "FluffOffsetX": 0,
    "FluffOffsetY": 3.40000009536743,
    "HeroClass": "warrior",
    "HeroClassSecondary": "none",
    "HitSound": "",
    "HP": 136,
    "ID": "barbarian",
    "Item": "barbarianslasher",
    "MaxHP": [
        0,
        10,
        15,
        15,
        15
    ],
    "OrderInList": 5,
    "ResistSlashing": 10,
    "ResistBlunt": 10,
    "ResistPiercing": 10,
    "ResistFire": -15,
    "ResistCold": 5,
    "ResistLightning": -15,
    "ResistHoly": -15,
    "ResistShadow": 0,
    "ResistMind": -5,
    "Speed": 14,
    "SpriteBorderLocked": "gorkSilueta",
    "StickerBase": "",
    "StickerAngry": "",
    "StickerIndifferent": "",
    "StickerLove": "",
    "StickerSurprise": "",
    "StickerOffsetX": 0.100000001490116,
    "SubclassName": "Greenskin",
    "Trait0": "barbariantrait0",
    "Trait1A": "barbariantrait1b",
    "Trait1B": "barbariantrait1a",
    "Trait2A": "barbariantrait2a",
    "Trait2B": "barbariantrait2b",
    "Trait3A": "barbariantrait3b",
    "Trait3B": "barbariantrait3a",
    "Trait4A": "barbariantrait4a",
    "Trait4B": "barbariantrait4b",
    "CardsSingularity": "[\"barbarianchainsaw\", \"precisestrike\", \"faststrike\", \"bloodforblood\", \"recklesscharge\", \"intercept\", \"repairarmor\", \"barbarianrampart\", \"compassion\", \"bloodrain\", \"sweepingstrike\", \"cleave\", \"invigoratingblow\", \"maim\", \"bladestorm\"]"
}